-0.031490862899986247,-0.017126475314397552,0.14815016193293712,-0.077491593201377662,-0.094444187776638891,0.26550045847812248,0.20488225865593837,0.0087293096280522259,-0.083422167129541272,0.048037566208239443,-0.1538372793143995,-0.1000122535401943,0.06931682269918292,0.10450111407828303,0.16408418092159249,-0.10892658933288465,0.10232532143600456,-0.056385487739053726,-0.06674737677995525,0.031228127459620676,0.081839859168895843,0.042845925820748046,0.10978473997191095,0.0055837712937096976,0.10153744893661887,0.11216226633048225,-0.017385446026050116,0.031257479105415105,-0.11592747208716755,0.14276091387122647,0.20181401914447714,0.0037951764918188469,0.15878043855729099,0.06429534128568172,0.045555063723433702,0.14716609154956675,0.09612560668690634,-0.065040116128693509,0.15620168225200662,0.13050290927682087,0.024480657223671827,0.23719023607874187,-0.019958146297081147,0.0062905478668452402,0.10185370233278065,0.10141997367194309,0.093142653905719394,0.068646714198737607,0.022680962562981521,0.14684657183982058,0.10637432939193917,-0.091898183685435994,-0.056409618407104525,0.047100471363272632,0.05950868225484994,-0.10404985634310049,-0.05484227016455176,-0.043086796528837373,0.10617300583409271,0.12330573764759273,-0.081892483342962369,0.17033084881427676,-0.056955446051161845,-0.01455867678273777,-0.13683876654747879,-0.12716477312667157,0.019901998885605537,-0.035834661815847074,-0.16237980724828835,0.11898587241268703,0.10769192649238689,-0.0086050969945863712,0.043550799066882112,0.043032386378847085,0.13857617035448511,0.0052710242482072091,0.099025911396176003,0.0021476175713252069,-0.10547257961661269,0.014820130370410484,0.13068459633915983,0.017208039406488539,0.067499282220058993,0.015097827310387245,0.10336814172760321,0.065232127100716561,-0.11044134213975397,0.077361587386594891,0.033507794092260332,0.02621508508410576,-0.11232423854414572,0.07156929996374084,0.15686143092455873,-0.06763882395825821,-0.01113123482804311,0.14786619432643891,-0.06531985581179095,0.15413870113754657,0.18420434492980872,0.0430022641795667,-0.14089747907168373,-0.049257804358300954,-0.14325242805840493,0.20945908736980481,0.1489882228113294,-0.10680083011015282,0.09923135255419141,0.054792955526157025,-0.018438581951853036,-0.094950301416171556,0.2241352160932919,0.021865490526174421,0.095955793974970394,0.085518644285674475,-0.064348317575333283,0.0065008593683531998,0.15504707606596355,-0.1431433284077446,-0.08841486886621315,0.10908754865182495,-0.084081532768107467,-0.17927203259807403,0.032493040821859824,0.064042972892738054,0.096317579687128618,-0.024141036167851182,-0.064612250779017416,-0.13571979320633856,0.094120255687748622,0.04438861419438872,-0.1085968583970448,0.04906094766511844,-0.19850316269928614,0.048604085236540695,0.079919951414778298,-0.16277600067824027,0.055152693885586926,0.019759371458290154,-0.07121931735197902,0.10391432386883245,0.083995056718714892,-0.12830124710251639,0.020836446953535717,0.089539100746906491,-0.15930105713274945,0.16749676348369891,0.032126086538318083,-0.050054155393056722,0.12126287095997312,-0.11055038943252134,-0.048363905506279267,-0.051300177878040934,0.076177111327238756,-0.11654257323230927,0.20907436426231898,0.062754737830822527,-0.10470140865289428,0.12501164862716446,0.21697352528861524,-0.1708799234265794,0.039418944702775509,-0.033499149949079564,-0.023217841255022291,0.063163537220159507,-0.046548479852359166,-0.04475806556299218,-0.03117262624302396,0.0026389093390859404,0.038210571547008271,0.049931626642481373,0.15989966494275878,0.11738951877550743,0.002221971726427371,0.12462841152327137,0.079269694715831701,-0.073348780129967206,-0.044260380229639622,-0.046561424994135625,0.16736961633795699,0.17396662600933982,0.080253908828878034,-0.031050351137555859,0.17259559897677576
0.074107157520903036,-0.1198525735927267,0.00086788187408419872,-0.0093912727746524021,-0.17482259188579277,0.10436561730578077,0.05865157882382134,0.027424123424011102,-0.13290177415332946,0.04647122649591031,-0.082758558600163401,0.032400797930985201,0.045127438015897449,-0.18521664265822732,-0.068490404380456074,0.053460332852218184,-0.087104236179327152,-0.078680364216856424,-0.064755988471639728,0.10913023328691623,0.16771698339106261,0.089328403699777709,0.10918184353671086,-0.12788540201151952,0.013971821618765291,0.11829926013415244,-0.17904499461377563,-0.015975791790612016,-0.1331866413897996,0.0010184570770048274,0.026730709434647084,-0.16792609713369266,-0.0011980829266565671,-0.1364685753799805,-0.16162207743904725,-0.17794900069128733,0.033335126498115458,0.061717463753758688,-0.056026160106437524,-0.13091062954829036,0.0018793290078166817,-0.079725055235225634,-0.14081601722932569,-0.031653570730143757,0.10272461077528439,0.022522067235216971,0.18259003331895174,-0.028742393123661336,-0.11604568120792701,0.031951159523162874,0.034502461365937029,-0.11164052182482143,-0.029698942956642438,-0.10961416906025681,-0.13839461666404612,-0.13097438201985886,-0.21455234028369449,0.18040599679836172,-0.074398408926765039,-0.020877191683820243,-0.12435684405262745,0.069244114408762603,-0.049388196134968608,-0.11811746175470228,0.05984406159103238,-0.15613537882905545,-0.15279356161530808,0.026835767296837027,-0.11170613645636256,0.043204560013502209,-0.11797807828965225,-0.13101652550657841,-0.034294059862869639,-0.017723532422599889,-0.060733682755649852,0.15080735658924857,0.2052453165365429,-0.012552624071122575,-0.074166908021767647,-0.016793093872750079,-0.079331779021215951,-0.064236928318141595,-0.10354162943050417,-0.094820186476504642,0.00024777710084292236,-0.21860882192750822,0.10811794970575368,0.050637755111784116,-0.15558703064101478,-0.13899075881530665,0.050331706922185748,-0.075252613318671932,0.05054134848514133,0.0033173274327573709,-0.00037564391021688677,0.12282631325559815,0.056770313341288896,-0.001771295892818105,0.097587279303468166,0.050497850331047055,-0.10511099180160265,-0.17434584034787004,0.079439187147892443,0.049076463552516436,-0.19294926202224977,0.13940043523077258,0.14273812812490955,0.10706341266448999,0.060860506828181046,0.099845209549102934,-0.15643551683512338,0.071130489927559673,0.091021915356561289,-0.13651034081144259,-0.074832303964541116,0.048372291550204553,-0.162776521606495,-0.058146591937461481,-0.18495122894728086,0.14854763343128746,-0.026646714507451007,-0.038687410113263355,0.067780631398465796,0.20587144639530394,0.036310366637847133,0.13148735892695201,0.054963200313514669,0.11619475190821152,-0.13200348328595274,0.19033067300712855,-0.082325621716388173,-0.14725007283096972,-0.10137299271731454,-0.12323621040017438,0.034701596009660725,-0.16452409947660371,0.17617765856280937,0.0080591117857283928,-0.035986181313742434,0.11335345781317981,-0.084950047812741528,0.10878050486409852,-0.0030992306029130586,-0.082981599136982415,0.037611924741182953,0.1091716736991149,0.044660612329242406,-0.088649058258434998,-0.046495318040495358,-0.097538738425261187,-0.055282579031948817,0.089611469961189363,-0.23198303709514145,-0.015077198958602463,0.11637206116199963,-0.052201094123081909,0.21358711582432527,0.028961570396848425,-0.15118228228121994,-0.018635211987917785,-0.16676640702230658,0.1289640692510195,-0.027177727120301639,-0.035090455587095837,-0.051188612148788684,-0.078588462779597065,-0.070291746960958509,0.017821868786878158,-0.13562986640891558,-0.079604445452839345,-0.15063305182148617,0.067761745752919017,-0.019086176311270395,-0.035907107625763421,0.079758413404584921,0.1201088122922971,-0.040853626443475122,-0.074569092788838554,0.12233527986660549,0.11810985688792998,-0.10842524603212539,-0.17980557069590281,-0.16463630013567135
0.12529932461942134,-0.079854868246013108,0.066719643425205755,-0.067733303515592522,-0.019884963700868855,-0.08892710293640646,-0.018535993970738386,-0.18193710601584964,-0.019009546816012877,0.078705021039520373,0.063422410233259008,-0.0039785458577798732,0.10337672073738643,-0.089118353592125471,0.1309242639786567,-0.098649951114877732,0.0287443085684768,0.15809228778860568,-0.10332559820348793,-0.1670996275079854,0.16240639928797324,0.11400065146392471,0.042483658095907671,-0.027392176537123517,0.11654674663543477,-0.011025725980886827,0.15594651333233603,0.069347027162960262,0.060920484841778949,-0.077088832349692077,-0.0073588313024250821,-0.10441607241067825,0.1501024221175648,-0.024010365551632485,-0.16707500524481142,0.082101444283633584,0.2158257021293056,-0.11769289915828708,0.090675159422008225,-0.020704050950089613,0.032356253225671254,0.049639319049731165,-0.08982076492414727,-0.023999284911593033,-0.090918345357034552,0.0086276274391565502,0.076566427480012189,0.13623697140454952,0.1594091070786656,-0.12368681460609258,-0.013773196611508743,0.094464363025526674,-0.029670763215037241,0.11935971594198373,0.0047258702420600925,0.10524567121670031,0.02990041310616319,0.16313338355001766,0.068260206122713274,-0.063386348570202602,0.10611051550709254,-0.21677197716375565,0.082511627656213379,-0.18446510385284989,0.11750106626070696,-0.066226606175559227,-0.087362381779314699,0.071722827517081644,0.03820273262489407,0.10491821461397668,0.13562880093644822,0.0056660704077685278,-0.054117794206647599,0.018706689645533327,-0.11808371183289551,-0.11938250123136381,0.14172436844225314,-0.013498786812624902,-0.024877308158398913,0.054975289089170973,-0.030174591187046448,-0.059593348711405002,-0.18720811853816005,0.15445842634782164,0.1260795118332371,0.075764522308417251,0.083370952776585502,0.061372084683492895,-0.13731482869630821,0.057321410825692594,0.16770961820473934,-0.072505197563330903,-0.058508317142921255,-0.13719585695359818,0.11817519767610188,-0.024525417614627371,0.0094341920404377513,0.0020932011589419133,0.021437738187083773,-0.032600689229916782,0.12464276736231994,-0.091629278090328933,0.066182078444149639,0.068957989093344857,0.21937089233393231,-0.043503201744520867,-0.19658922085374633,-0.10899863770152286,0.11772299539282237,-0.12509176482102219,0.1727807752079758,0.13527039319105408,0.079458402004799492,-0.11789383789630262,-0.064673269771656716,-0.08631463384871281,0.10975056649350869,0.11597980394439786,0.01624140424639622,0.10635051991475986,-0.018336788681530873,0.049590859877324263,-0.12970416983090971,-0.00089662488897548518,-0.19450263240908061,0.14803858426525696,-0.072227816146993098,-0.056770730317435757,-0.12049056175422826,0.18681339902169561,0.019274732365982702,-0.099507986834051043,0.20357314611089589,-0.080049505442282079,-0.0057502754665216139,-0.015770725702654621,0.050497309343321348,0.13766034366040841,0.10805816735348764,0.085907323057222471,-0.11247332320955054,-0.077695508519878428,0.1189012583898276,-0.080337194560937714,0.14327263626305353,-0.15008355778397112,0.10364989718448128,-0.062667217606066125,0.13804358487479915,0.13814191255989758,0.017255492924805872,-0.050347755949687191,0.12057577467408577,0.14515342834053568,-0.028827317620620976,-0.10960145777585636,-0.0065148821027615263,-0.11328123284451838,-0.053649376656308694,0.14572648354018067,-0.014818268905646113,-0.050434135312346369,-0.10047835503234967,-0.11144841473212433,-0.14211133899476017,0.087004688486611859,-0.085715523484662798,-0.11405308077187477,-0.028977155046175738,-0.13377955360972468,0.081007292921384436,0.21615031846795343,-0.0027062480913684428,0.013874255486684887,0.014614067105335833,-0.07624437131522753,-0.021920044638919736,0.024626552789770814,0.035876245079659114,0.13578709809497116,-0.09489539731567613,-0.022145858631664711,-0.11317048878842211
0.17059772378828023,-0.051343340844495468,0.1030848616837579,0.06450701193461221,-0.011037073736633617,-0.3921596844164843,0.1319470015477813,-0.079527947502055038,-0.16267349683868657,0.099783244551626321,-0.0057720524220965875,-0.14509895792081029,-0.063836709096115135,-0.13211394099829038,-0.098495330774788226,0.18962248235379003,-0.051703002652680748,0.047080134985554793,0.010010463768754647,-0.085754316695619032,-0.18883258717673737,0.14787932606110277,-0.25176133394684969,-0.054859750404686797,-0.031155894689242378,-0.083703306992287146,-0.27398072006389046,0.088588858066239798,-0.24004051443866509,0.030273234300480525,0.11463043612085656,-0.37446957863562186,-0.20155721805785839,-0.0052608420764685302,-0.28380835665597443,0.0014976624887066696,-0.070121373043104923,-0.20739125509091266,-0.018574239138234191,-0.097300951910889583,-0.40866352335371936,-0.058023199593450751,-0.17473682075749356,-0.23333343110887939,-0.099017820085943814,-0.15822278680660384,-0.14018233546138306,-0.07878433013526813,0.033377808708826,-0.35477305597878767,-0.15334643593733205,-0.11515050778037651,-0.21626870794973196,-0.16995865610104707,-0.2221587041619964,-0.20936736025440605,0.067190460256937604,0.15398594391870335,-0.13655718632087649,-0.019147078126421743,0.02164142331767226,-0.054473184405068528,0.11714359287728979,-0.16654591152202747,-0.35825978822922316,0.018026086102080223,0.051828899070769659,-0.1672090348368237,0.032480037462024526,0.084919120226939523,-0.17339661588427341,-0.0013034652780756317,0.017300227921995939,-0.097134990888074244,0.0065443886295327262,-0.003636518946564752,-0.15399885926509013,0.074064362118209909,-0.095756737588614013,-0.050568566968709337,-0.055439343807242997,0.023603392100745749,-0.13303749373480434,0.093230789949703241,0.099409448347164864,-0.1862251620267292,0.13653737147707384,-0.090159868107753727,-0.17047952182114615,-0.10103270412306825,-0.10892264594480083,-0.20159165115989897,-0.038773757763797233,-0.14197557546726466,-0.14602726921424281,-0.0043143617439813289,-0.2268484452348527,-0.21515570748858287,0.051489745168535224,-0.19096123824314179,-0.24601035354608056,0.18566983999986794,-0.10718875726088317,-0.18066409213662499,0.08968128763170008,0.074517580361931762,-0.12971625861641195,-0.063727686899450381,-0.10679507816468095,-0.042571442152234101,0.045672079734705176,-0.074720611395071107,-0.11556730858448677,0.13333388468350499,-0.14152357266624779,0.060485591307013378,0.04603237978485912,-0.074942171520827869,-0.046589520392570104,0.15274569246644792,-0.15961065242270403,-0.1636807681859529,-0.060665177244719322,-0.17238989127042664,0.028386755113038429,-0.093891003421980021,0.069059416394887274,-0.21969756979823046,0.041814071577256931,-0.088958594540176905,-0.15404209354591561,0.13177993425568774,0.033631200866659397,0.0091985737412455734,0.063006530357508667,-0.14267496130582316,0.15539543262548275,0.10879407873624898,-0.015560276761835259,0.01154044851265665,0.061346379485164831,0.009120811334848088,0.12487430865325866,0.022296526146712736,-0.23712242216899074,0.038656591443006885,-0.10690841931918847,0.13134474416028399,0.051307167269261392,0.17463617800473277,0.069430239598594221,0.089214226201120406,-0.056669416133950178,-0.17197874921615722,0.11283673151657188,-0.11253786867891559,0.20236057073452191,0.22732838762264929,0.17202690850094993,-0.036878813103275454,-0.025410525937679042,-0.10949926853625591,-0.021937622149410876,0.22655572190242085,0.058112694549241922,0.020132108167118419,0.10621669658057839,-0.0040405037282644227,0.15384939835429062,-0.010941589699140115,0.016994024002068165,0.046692090501583822,0.18382614369688688,0.10299598303617122,-0.14845703713947139,-0.056045994585583764,0.040453976005249241,-0.071858967683490038,0.10729619844498373,0.10605928406059149,0.041001733995455036,-0.010818773692497455,-0.082612257449342877
-0.20575403851622898,-0.016843630330803099,0.31511221653580829,-0.11744622361756679,0.060599916806468444,0.2362390835953011,0.12925601964633923,0.025060105557848097,0.17000024175027154,0.22904092332216752,0.050848195194332334,0.26303431508240177,0.030878466101709919,-0.022803469274586478,0.055734518019804682,-0.050675682785336226,0.016535401724667852,0.25036781283351478,-0.18532474886738479,0.087367182713726302,0.24461307547828237,0.089039749372478924,0.16845966505826743,0.34750781659488605,0.070700211464956558,0.11822170885360447,0.066935274768959357,0.16286163898282571,0.19646371479377756,0.060689736408267594,0.053591039271716281,0.27717719806955143,0.076592981377115926,0.11897479866797711,0.047498615869429231,0.21103054397963056,0.063526368606269479,0.039711216564583263,0.086539980977175079,0.14783628338302379,0.14209718296200827,0.11618192257733595,0.17839709022532899,0.035619587158391849,0.17260923101332648,0.18204990662077922,-0.0016768423045524323,0.054204329643819209,0.29720085334206958,0.030925087998221006,0.082880314837221053,0.31148841615568668,-0.033262320192810682,0.077129845729566132,0.19528889222000131,-0.019752872233167469,0.2435581075409616,0.18063937365304569,0.20666931102147482,0.044156180616168383,0.054008703675702353,0.23553893241314644,0.15649071797599851,0.12863412275065311,0.050575686125726917,0.10256608754053505,0.032329038396627909,0.2944985665600679,-0.033117704651222053,0.18070186409969158,0.082463446783575825,0.20038673308905328,0.038909207753853835,0.033317158796306555,0.13442289141451047,0.14230012850033971,0.028982839589640996,0.21817389053010056,0.20781276978034413,0.075428125692914919,0.20241762163518923,0.071266417547042812,-0.056004258813153136,-0.074869116408723943,0.15527923049512748,0.11552072926161124,-0.01352411024259836,0.047586006782950059,0.07369174120527705,0.057284619924152722,0.1427649789504073,0.13161730794271992,0.19627806901013564,0.095472584223364909,0.086832314245550671,0.19285434496380838,-0.02325484906878816,-0.016866770137485942,0.087566393038723281,0.034409577805368609,0.12464410438102494,0.23970191219612458,0.0069534485069126552,0.22981514237489042,1.1616041305905628e-05,0.046264657395255745,0.20474860524124477,-0.10331419448586911,0.026778233323929423,0.21271439072521101,0.13687760907703478,0.064253092210971793,0.12401334928108847,0.064001032901052468,-0.10604139246612677,0.11007442087647662,0.16922747364480598,0.076169945815839982,0.065983373173198898,-0.026245122236765048,0.052745466018797496,0.12819344673956015,0.052256078751107507,0.092661869077546491,0.15218073917222058,-0.070198907010005446,0.16988090639118839,0.14927182636446373,0.25368370529254097,-0.050026902097103511,0.01567501981047386,0.027795172240100339,0.1057726860329589,0.15788470250127118,-0.11083645674280515,0.1492370857933745,0.1077494614975474,0.073399073793994019,0.081292139140789726,-0.035277001158875262,-0.066325554616376459,-0.035537487642138939,-0.0092450809458557576,-0.083013681167825606,-0.096816802087737561,0.071315111190408634,-0.035022721336678768,-0.0073420807260154179,-0.058329141376270204,0.027624189624630965,-0.029004993305658155,-0.13648390784177844,-0.068649801044795761,0.071421683803344252,0.058381452863682008,-0.078002470923071832,0.069975784306628264,-0.070367419256048891,-0.030596785350602479,-0.0043957189469476503,-0.22203789924058007,-0.23331838240142494,0.034704103301989898,-0.10099742638301326,0.076109900221053281,-0.26026688724087843,-0.24900767630076831,-0.12869945011728276,-0.12584989334159125,-0.18027794655457596,-0.13569670060485978,-0.044272111689854607,-0.15915564338112287,-0.16093084598708945,-0.054490256072692755,-0.25059053015565957,-0.009369126290493416,0.004852978526736368,-0.34614182900884827,-0.016379908170629273,0.11042137452928377,-0.24790154752553581,-0.079754988777703914
-0.0043694001910700424,-0.04465192068038764,0.38686175731876177,0.049593176623455068,0.032500649317622921,0.082593643578245696,-0.023911857987119867,0.11679591478219578,0.22112244890024907,-0.065337723958775143,0.24148549080646134,0.24239461836568912,0.05146009988011048,0.1823637470804749,0.37339100118390556,0.14244863783405562,0.19355594011451091,0.1222698133738237,-0.016430215652609825,0.11706038095571149,0.18585669904278151,-0.14362347816843429,0.17286465866090431,0.039192424043561977,0.12032543538365692,0.20173829758841164,0.21483829011005845,-0.090854850286662125,0.074781384980961263,0.017012448181675462,0.19264926793243622,0.14618372861306256,0.097517132404049051,0.26679826556216785,0.13955003139283279,0.05841321551471769,0.14242232490852882,0.20718957718457878,-0.018524989489439779,0.14069823318160227,0.24021711601377888,-0.12291422132437287,0.11707563779389023,0.23152270592922392,0.048169320482072439,0.20655791089812864,0.23995416471106112,0.029173320490341256,0.066806548963912388,0.26857145071023764,0.081218398600880773,0.12567648721339372,0.16133998675053376,-0.028554787582253126,0.17001498994014005,0.28337364944949683,-0.078135318878592014,0.25180682422336154,0.18905540313130301,0.0072982083179457544,0.16435193107154686,0.23670470172892463,0.074179464525347225,0.059676428676112975,0.10519377447929619,0.19818257817659302,0.14880196094436418,0.048128987153601185,0.14825446205693046,0.25715980529929239,0.34186483966911685,0.19385092808557536,0.23760011411846321,0.11402438113672313,0.14289737663967628,0.089997125460890698,0.049160354595101707,0.047408988586338102,0.098553556332824588,0.22975598856472387,0.15816395210391976,0.025145819658157112,0.14399377463909976,0.09644506845615107,0.079164314755448884,0.14344447104485927,0.23707791861889271,0.21108052359546647,0.17726667518970121,0.068212353441399046,0.04288608807246122,0.22087774718468556,0.039138479681217413,0.11336831966589196,0.13868324457113373,0.032528921371172859,-0.051695037511615798,0.13307443829615326,0.13941038710684078,0.053375776632634063,0.08972656477430245,-0.040463442129710633,0.051087349233446509,0.068890353243935276,-0.018960742631167666,0.20643699055960943,0.2037027263114857,0.0448416051597346,0.088637335909030696,0.087733504607298118,-0.080561549930592072,-0.042432371066217472,-0.062475939699702498,0.015767172569856231,0.13352586514203268,0.11129628815168748,0.13710139378781125,0.19086715111927197,0.15408869474086107,-0.086128994526148958,-0.11814681554468959,0.053316868507294335,0.051744752426821257,-0.029958752676914082,0.016342441079145866,-0.047505144954766577,-0.082583074191136044,-0.11527376642414662,-0.12179248486152221,-0.073930863069257308,-0.075357390153379528,0.0019895907406634276,-0.065511327719662338,-0.033200922918414699,-0.11505117774643545,-0.18689701819131466,-0.05739586609390504,-0.072389126405748697,-0.0039227717547834356,-0.081523113998274985,0.069627656293883566,-0.11720123224125177,-0.11189761580915235,-0.067116748890395775,-0.079355203008639963,-0.20416150557913246,-0.063025376138888159,-0.13350799343528658,-0.031656823112330396,0.053211186693007527,-0.12312559300101103,0.045161225092163262,-0.21910761788621441,0.025429532436957895,-0.21054580327332439,-0.17978546190806491,-0.14586763350018553,-0.099291640251335453,0.091501990890200294,-0.01470383042820201,0.032955181346862844,-0.1061995586921276,-0.1449097214149386,-0.19268005422653905,-0.21896998121836025,-0.0062638299278445827,-0.10631334870299811,-0.27729943929902445,-0.14604443796135752,-0.18784789006689512,-0.01776328588277953,-0.12672357479563007,-0.27079695960417438,-0.044689742320789524,-0.0074743204841929787,-0.29283418071572742,-0.16488303093940537,0.013151301610715418,-0.21653904489867021,-0.064385196441332171,-0.057198384857140856,-0.099769913265262175,-0.25660730890296896
0.12233463786421164,-0.068380713727412112,-0.1562415724065096,0.13032742957145452,-0.12767512114987917,-0.01131088839195625,0.079425460010046217,-0.038089802263740188,-0.18392226197713901,0.069072363301331652,-0.043518026336069458,-0.21257096006733894,0.21823516643848584,0.15871277825767049,-0.069218651323388433,-0.033085571954047738,-0.047659079112882342,-0.11887013057205249,0.049678230370495402,0.035102247926515846,-0.27505215582245979,0.066182881091233436,0.044877330413687508,-0.25486038083152202,0.32015717263393428,-0.077108152186503465,-0.19144545171041813,0.034676508280113406,-0.021310140414094181,-0.15900467836410906,0.2073307478247752,-0.186320010383733,0.013996608297423715,0.065747204495679709,-0.11891814264082731,0.048835228990101898,0.079511751018921314,-0.32638437260569003,-0.13077673752200639,0.075630096046582634,0.0027579735057669643,-0.12148794633722107,-0.10497913388535934,-0.078249988324890579,0.032564587204872077,0.062618839855379166,-0.15110491125024808,0.067326587324671297,-0.062557747624816362,-0.04263533430476335,-0.027354621746295663,0.14782958256362683,0.058864646901536172,-0.056904080657821696,-0.056973150943023743,-0.16405647666823095,-0.092770684958380409,0.13122511217375193,0.078021418108933122,-0.10511647734860285,0.050930849386800411,0.089336617477581676,-0.2983648345876857,0.1570263013699619,-0.046391693736279181,0.17633788979476633,-0.060877799557434664,-0.13244936929290729,-0.17976825645814443,0.036154262486966474,-0.02095131805956367,0.065230544258662412,-0.080875889032077541,-0.15342293793858272,-0.076378892686854771,0.019190571621239536,-0.17714216614215256,0.12777647627485178,0.07803454080057573,-0.031735331103394791,-0.0045981739930954519,-0.20584782730530135,-0.034429747385692953,-0.087200255925509895,0.046165811914318865,-0.13008244197946767,-0.10594136004714,-0.11470006574695665,0.042445415360315063,-0.0018272950250846271,-0.073416782450177978,0.065774461129417885,0.18080324583157079,-0.026277497615111722,-0.20009893767706757,-0.013855378768549836,0.0010385553153582474,-0.03110370287498165,0.017094756693561468,-0.053900714101008329,-0.10274644368196187,0.020397709186521926,-0.052425130995235186,-0.09085976486562912,0.092895357487806127,-0.0041597278164875965,-0.074918387569510803,-0.17498264221274315,0.054955658083495992,0.019563707900394637,0.087259019923326589,0.18302817577383379,0.05819026834160422,-0.17653610744839895,0.11797806957626848,-0.11946764657085671,-0.082569198847263034,0.11241213090402312,0.058695438184914489,0.051458243488957209,0.026730320249481153,-0.040939986264716566,-0.17185947629277865,0.13381256684118958,-0.052638284742841268,-0.015896450210482464,0.071402710849356621,-0.17861812054766468,0.17122882467344797,0.027504405059838952,0.036330906703804608,-0.03976445130127261,0.013583254828780256,-0.14324904072142844,-0.07194851313242244,0.068495420623209513,-0.16159223911623477,-0.053949407838202859,-0.14207168347292645,0.017000961737866246,0.041942696902592988,0.05748841991515781,-0.17371865395314101,0.14881224514563052,0.028159108048210243,-0.0041423529983820864,-0.15857007422255423,0.025220962477048157,-0.17447713202422618,-0.10299938237330478,-0.21576542271896695,-0.24588346966827912,0.12360182016864515,-0.015253971789860677,0.022986038467436003,-0.014894088388613032,-0.053713044652291382,0.091218658324123444,0.16020658678267857,-0.046854931674886816,-0.07861861006148757,-0.073223880105695638,-0.001437173140746326,-0.22199785942299727,0.015305907212440234,-0.10680702027391666,0.039640672716268734,0.15264486798283655,0.013458120438330525,-0.25036534987013681,0.19033110065223319,-0.2573869501346242,-0.1864637164186437,-0.05553018911312798,-0.014547083143466179,-0.12313625365901572,0.07727048723959011,-0.026131942871082468,0.0057378859020917909,0.20942511042006978,0.035793946796653403,-0.2349315164784008,0.23779767625085549
-0.070696241262021828,-0.12046779006758508,-0.1397102930212952,-0.09940375276463019,-0.082283922243466007,-0.10953640596296305,-0.17719626712669573,-0.14920977613760647,0.023197437734352924,0.197284076361257,-0.20126546341106916,0.076218772232012552,-0.086974475679778937,-0.17361715635283229,0.05261291728794313,0.029977776080568896,0.021737558000979401,0.088429948840620512,-0.14755297778115714,-0.034828547219799513,-0.021829114066390355,-0.26504835838745383,-0.17094646394376212,-0.15214547567656375,-0.076815934709255657,-0.10238844990994099,0.073439590527923482,-0.21345200315612495,-0.25170694601920907,0.036326173100822243,-0.079471335774606064,-0.34164999508323268,-0.0036556837169330085,-0.18957664016147094,-0.2591624161768632,0.031769399340038217,-0.14890580114577578,-0.28483150656794926,0.18563703604023463,-0.044690906353415161,-0.097129321417635126,0.14560750950268012,-0.11484585070169895,-0.16359095375085039,0.091186612864396124,-0.13483896283093472,-0.20486137478115221,0.24049668558737142,-0.011182576768216651,-0.052370272245251009,0.10842373424359218,0.059581577573636066,-0.0085542273277332721,0.16672874457648665,-0.22246743522950069,0.0089841201639883437,0.03751089188835037,0.018763954639669504,0.099758729625343448,0.31603911028678461,-0.13915512125620483,-0.062645072781842559,-0.036214813267341439,0.17931378724565325,0.096634388607873281,0.30686663112591289,-0.051656985019162355,0.005330890100330634,0.080654696341976917,0.033461262824759162,0.077394761688447541,0.21276843167560547,-0.12445920405649527,0.14800105316627551,0.12140607792648797,-0.074336680114543696,0.11581624988504151,0.2130361398988519,0.066071608707215623,0.19648253124244547,-0.10286485591443056,-0.10038737747873863,0.32288953907453638,0.090251350965883964,-0.17988570363591844,0.19442708335630843,0.079655470756918451,-0.1034050185080414,0.11509221047661755,0.13460605311644375,-0.0058444305417972384,0.12237896778400698,0.17508345590005819,0.007593803263858891,0.27514714930804041,0.18628992854116996,0.043388187095927344,0.12482686571654665,0.13447312093013575,-0.032511899027748752,0.028292960125087498,0.049653874221953984,0.081467157657869729,0.082979786815724002,0.15015071347312742,-0.16982237797123245,0.1375523136503515,0.084151237854212219,-0.062289943178272141,0.066361323922835599,0.2229500478386553,-0.1104806025919999,0.29682685550201238,0.12879030265283478,-0.050414072568020385,0.11113857424515677,0.15429349053736907,0.0079653766839572256,0.26451539729257911,0.31565886610005361,-0.017537304868979982,0.036878198530884428,-0.013986418340590397,0.09031475682110772,0.040170845771655611,0.048458262346815821,0.00015246948124030663,0.21918638204157767,0.14626388911145288,-0.13604108111638802,0.079377323886246867,0.090794918169826752,0.025519062720868804,0.059568407900810708,0.15023883352496692,-0.091583390696083858,0.053192549187164366,0.091382586115822173,-0.15395049045574843,-0.043808770630845206,0.080124982373670744,-0.031697860784562992,0.046118260860775757,-0.0026128248129011732,-0.02147089395937558,0.10613610657798887,0.079379294548410903,-0.033653694628816087,0.022583817377506844,0.18461246378302512,-0.0090428741128923962,0.13188964777936468,-0.00097109761693977507,-0.089037158483974616,0.17597489315529272,0.12793002093296044,0.019337453965267769,0.15165799617203174,0.044241056385073044,-0.21830821973020376,0.0038847790976737698,0.1414875322572676,0.0098529184156500912,0.049519633572629597,0.13069535669262375,-0.14977085712731542,0.3386492198107246,0.061175323707643052,-0.15925474814777904,0.15139202821790207,0.083034776634151958,-0.078798390863675474,0.26125785814064656,0.051045533626899571,-0.15601923170453971,0.24944421412575943,0.01857098909294163,-0.017604917197265028,0.31434880358153633,0.10790222379137213,-0.16184907667887244,0.069832440119603323,0.045338017616010633
-0.065869440516351782,0.17133111673910614,0.018119179244004628,-0.030199202752412429,0.24606896592611352,-0.13046283627399757,0.079928602357398321,-0.047782082645441634,-0.17784668904680981,0.082962330039229426,-0.12301463367131936,-0.0026918339656223614,-0.19441639979153902,0.072946963563780456,0.024743222378106052,0.012490942100840726,0.058143415505455168,-0.058214716300495135,0.055120651256927514,-0.085721296263578953,-0.090102001047534741,-0.091360122528894472,-0.11688729012042082,-0.058203658978340844,0.021827271670603804,0.077790271228587657,-0.006692481721990844,-0.14082384272174836,-0.069195601173238072,-0.20493502100772512,0.086957892801628564,0.080552120216737022,-0.023128265144724776,-0.14482645380460166,0.20908654407954036,-0.21366736747805451,-0.11372046445372799,0.17509835356309664,-0.20036487753156687,0.061541821827500329,0.13367247468291185,0.11210201484272352,0.029038523007596712,-0.17990707082486831,-0.0078140905621590755,-0.050032119809769314,0.33155903170427992,-0.035156178817278734,-0.22588807241677289,0.1775888124212581,-0.14729367603737153,-0.17547286808455489,0.016413764061631638,0.11730435869365644,0.09752659862313226,0.092035558279457946,0.10511385474077554,-0.10916879128256572,0.23734698088947742,-0.044384306042236137,-0.1526752050240554,0.17593804135316177,-0.021664128230286461,-0.0565700219694278,0.093702971450274258,-0.20353513913810306,0.066421798224533729,0.33993406851971425,-0.085845032582894512,0.069318280885004094,0.18907111845862967,-0.02409910637265859,-0.068345336548660804,0.14146488492770046,-0.079479014597531525,-0.036871776812691756,0.22560856595177969,-0.035685746735539113,-0.051288073603810255,0.23074155555325215,-0.068765197275721723,-0.21309183990948866,0.21203779790407373,0.092017693590523336,-0.096356275914465259,0.032642884848255373,-0.048543514991922269,0.035726054916886803,0.26211178169428351,0.028389530654160253,0.05425191412651427,0.063315652489136287,-0.14267741320181981,0.039267940843771741,-0.017944936006521674,-0.098609726989635008,-0.17550661888072658,0.22725466026556404,-0.18882530667703579,0.11876831979864447,-0.033883617888004189,0.038269645685411489,0.13606716333107133,0.12805995501188941,-0.038207205130516814,0.16409271441691464,0.040793513722086533,-0.077038577591151153,0.11480941666072253,-0.20612151969299852,0.15567912521943345,0.032620634904561796,0.05113457344834834,0.014510322929032055,-0.054209935499128475,-0.09861423314853579,-0.023250670354187684,0.12597122138950653,-0.078646019093815175,-0.06931115266419581,0.087042934295840896,-0.21616629535776927,0.16378741359358398,0.088260324246278957,-0.10951990649504259,-0.038655571818368123,-0.098714617458560999,0.08404126929479086,0.083815490107288657,-0.14376893456531678,0.06399782928418396,-0.20810332040032944,0.21519383661138403,0.074027677560752875,-0.048638374038973746,0.069966996495612541,0.022634927266364169,-0.052287743208386819,0.021662145472032782,-0.11643967205159611,-0.19763084000360093,-0.058324489114603029,0.01937390499359732,0.097275303510458086,0.054275605175119555,0.053657476940643829,0.1839201572947507,-0.15415068772602974,0.19654559795467705,-0.040610526148704355,-0.016271314053652893,-0.015486419828500589,-0.040799064071060202,0.11189981812959071,-0.18562292727826454,-0.0045336763186705833,0.11481590647232238,-0.043798654747356738,0.016998175287494546,0.047357047277769689,0.12049716511276019,-0.067394833827330802,-0.22138149340425564,0.20727496211789079,0.11090251124645331,-0.12208156077595743,0.002077469210876631,0.072590733877497454,-0.22192793911298803,-0.071713890445078921,-0.024352398999418264,-0.047062288526990577,0.046608685236134435,-0.073307339206531832,-0.055134023642914011,0.0075772709475065095,0.034479505406276013,-0.049393871777007152,0.020116283759652402,0.13102187430293119,-0.19803265189827782,0.14923992925438112,0.030648681250996641
0.020199668072356996,0.40351325290326284,-0.04391292885632337,0.050203863050709605,0.21817636561410775,-0.11867891491424706,-0.0075205728780037562,0.4225429811626259,0.15010366263193781,0.033390109644421205,0.46108558689854245,0.017576613040394862,-0.0097541988367515851,0.28265178069008212,-0.04527293736570849,-0.073508671989330199,0.3234840325021659,-0.25888602905940378,-0.11771712948823711,0.28441409663544137,-0.078616267517135408,-0.1013598498616974,0.35046183904938011,-0.28809480048147063,-0.068207163096415696,0.26311413430931591,-0.14067690509199754,-0.028213451617806223,0.37848242747237715,-0.056954587735459,-0.016922693279046549,0.35447854472767454,-0.28146725636979841,0.017770957096446726,0.25330025140561269,-0.22510304643271839,-0.042539357805447334,0.19580345858914902,-0.36116144995941463,0.15113756138796944,0.14648341663212425,-0.36019423717226973,0.053087516374665009,0.14093352968901615,-0.29381206774615876,0.13410337869771816,0.21384077363487619,-0.25825854506446316,0.04105498795345127,0.10118950508314711,-0.20234515193446387,0.03799322763049489,0.08617307038770862,-0.24997935916228875,-0.11897403077587029,-0.0052367206310540313,-0.26340155309397806,-0.043864354327772956,0.098199219720537051,-0.19599402745443226,0.029734995696611137,-0.040157252113445827,-0.22788704912385022,-0.065851695134856614,0.13357602298766097,-0.29380097483755802,-0.003991428666424008,-0.073421263069399084,-0.19630886564871147,-0.04557372887924413,0.1007301183560282,-0.25310802138395194,0.0079745612880280179,0.22768869330175934,-0.27458283373439002,-0.031844671333370538,-0.0071909064266252954,-0.32787903441375615,0.035656952148696887,0.057518150275306421,-0.16741707643028603,0.11776374632578522,-0.024522672035072492,-0.16942608509531382,-0.10284248626996731,0.12781358293624751,-0.053863274600947884,0.12683825612671346,0.077682764428589055,0.004247428963489501,-0.080802740002515583,-0.01111404416453402,-0.063534472912236198,0.048560986183440576,-0.051184144448206854,-0.10201380095800011,0.0028059731964101466,0.01614732119421862,-0.13456987654700758,-0.13529084281317591,0.053556747346597045,-0.17707307447406134,-0.15977803082429556,0.02475088919077258,-0.18391719956314387,-0.092244811292601925,0.024002720342895488,-0.25524739745809588,-0.092114117914491866,0.14951690085459965,-0.22854901889903118,0.0084267691802379589,0.12551514057041768,-0.076151293155640953,-0.10438433590608415,0.220797365091318,-0.20810111223654465,0.0041028318281263795,0.029392763258915159,-0.2778133481441783,-0.047465261734555467,0.052644748071965376,-0.20821452676911534,-0.016911672361302109,0.040181927996267547,-0.16724123663199561,0.13165030744781797,0.13215049551697369,-0.097172696413544396,0.015116733553891856,0.023212880472861873,-0.026620220528249819,0.018391382306750054,0.11881853839497329,-0.018533572632443499,-0.11203445348221999,0.30365629147405671,-0.08626810278755026,0.071494254787904138,0.1081303966056312,0.012861344436790736,-0.12818099380887504,0.14899933044163516,0.1350659112335259,-0.20627712885291857,0.064037434059564385,-0.14928619673232366,0.084841904127131371,0.084462247964774126,-0.010812062514152935,-0.09720675257115477,0.08551735415521973,-0.0947363359303562,-0.25060911001992375,0.086209013176125074,-0.036709968153429889,-0.12569187351985447,0.066283478376200633,-0.012192359672291358,-0.305816087924143,-0.062763876773895708,0.16061954168899192,-0.12821762125711025,-0.010495802329550462,-0.00081763976712449738,-0.13844609705737029,-0.032673754140264799,-0.04974684102662813,-0.18996665082431266,-0.032548469282691811,-0.0040368792839694072,-0.12483641462557589,-0.0057471622911234744,-0.099148947222161832,-0.15637565929909997,0.031412247097191044,-0.16203271643442602,-0.26274235303710308,0.089631399237133744,-0.16611263235969828,-0.30470575854546306,-0.062332592662991647,-0.13801413072131177
-0.10129307696557509,0.14156260615481062,-0.13365035887244542,-0.26188676140648276,0.14203387581476212,-0.144071642662181,-0.22385331946654305,0.11895377095473897,-0.11335092290325295,-0.27701796847140031,0.14122462406447478,-0.089346595014049984,-0.17300412002601057,0.067700364207054109,-0.062039970790010238,-0.13652937239564072,-0.05140294699734374,0.022052830848453955,-0.1878252770626879,0.064043522672852959,-0.10194968514607355,-0.14236387159865468,0.087235812340989843,0.059463563085005472,-0.18647207501361043,0.19959641705914069,-0.090994862869291288,-0.11064464028321513,0.1310861903699623,0.0040865308250537316,-0.24321448280945901,0.17075742113340137,0.041876538727819081,-0.1974118119315775,-0.062442008788843671,-0.15798883725998841,-0.18701450887125029,0.21747127604316782,-0.12848445968256716,-0.24741490327177337,-0.009257693015309959,-0.013258441218045869,-0.26158828948694296,0.06582077093809631,-0.16554939742938038,-0.068663842195927347,0.095203734823485153,-0.076532848538055268,-0.10176716435181062,0.088189667083839407,-0.01557571310736575,-0.19904517214170681,0.073291644498841318,-0.11175453127595449,-0.075100538946982265,0.12198478890598657,-0.16280139536141203,0.042851935683453947,0.01365119984045351,-0.23977067859870849,0.10599906180132387,0.16657736885248617,-0.20699233207009493,-0.20145083790755272,0.18128714194501083,-0.037535556527602737,0.017135684859918704,0.078276794272649414,-0.068530336485863069,-0.1627761237108267,0.16354892317674899,-0.011020959003469753,-0.045038291836709543,-0.081420992553456445,0.022308661238257511,-0.10901944656646667,0.15569102055647252,0.098878245975682608,-0.14156834240658425,0.11832381638532474,-0.027399271514047537,0.0070609560768842266,0.024250241804038009,0.022010389700064133,-0.21709485625666558,0.12034830153275464,0.068878801185614888,-0.18540341830372384,0.14820007705239105,-0.027929804501838844,-0.20404991313072063,0.21473587758450774,-0.0023763296967877984,-0.088471910319003949,-0.045597459720486844,-0.18133146121315916,-0.18310506556102688,-0.0082182797254449127,-0.15986398809641855,-0.033815238442319234,0.10977460435888726,-0.22463797984184833,-0.077598443223925659,0.11192807818870056,-0.028905744450759736,-0.093543494390677731,0.12977927630668382,-0.1682002206993625,-0.18878432452043545,0.12970446996184451,-0.06786061257048856,-0.041808362496182389,0.056888708823151224,-0.029494509346880804,-0.15067356338636198,0.11654135001947849,-0.063915676667804427,-0.12567233528366947,0.14080205199002288,-0.072019230527319691,-0.11726340774663523,0.063255525800346962,-0.0045487762667412055,-0.13885795167703641,0.046815212612535892,0.0041931672997408149,-0.063062967156483352,-0.019942981183075859,-0.094159906588850636,-0.027492336405723513,0.12627382518831037,-0.059615921325313341,0.063949233341633216,0.10079643231216323,-0.047822163143935587,-0.058778146597746828,0.076427394216518257,-0.036256727694624465,-0.094631254013349195,0.17864875013716558,-0.018129281081739949,-0.05643611369849906,0.15044558595557705,-0.032520093621542706,0.022755708384975419,0.069114146139560684,-0.15477199562784885,-0.042262706678466447,0.10375146831769141,-0.018880292789601839,-0.030405262408788339,0.1724831355714016,-0.19035202668353951,-0.046658963773163552,0.1263934791845932,-0.20384460682768069,-0.12053113707643484,0.16073548227210599,0.021035179156148699,0.011631002162789195,0.13586234280181289,-0.11693605279081394,-0.023482328389924971,0.083268449305552633,-0.12827816202372205,0.095280069743464285,0.11029107316085467,-0.035505174908709386,-0.093652335884473442,0.059902020358878136,-0.18042075343828953,-0.16103348337270834,0.041232403858426581,-0.079599463143075422,-0.25404529279209248,0.12170564846676467,-0.044203645074512216,-0.17699829153590732,0.10861614290897624,-0.009152431323779197,-0.077538293641307529,-0.051405631311749501,-0.089503262214516516
0.016525449904529872,-0.061109409461108134,0.0025218268795112108,-0.043112363721596686,-0.22788914985074479,-0.12896315624737903,-0.1443915021834091,-0.060120446908674567,0.072556197007322257,-0.1808519329020184,-0.013090577792122277,-0.10160951043471114,-0.17175254800910211,-0.15830407962575643,-0.10271989801578758,-0.089786518342873947,-0.11051393049936742,-0.06084732270903459,-0.13766834165942526,-0.076430770975732421,0.0058937303834565441,0.00073647651891199303,-0.31787081785929983,-0.0064209267433963449,-0.094732537225632185,-0.036183509746085279,0.2134956797231346,-0.28194886571601591,-0.1094922004865608,0.052530828482319908,-0.15606712359013883,-0.20713917386771485,0.1450440143429515,-0.23926053752275148,-0.17637150257908688,0.067244642572223137,-0.27499130893799045,-0.18735986694211412,0.029841065717390088,-0.076460822947588977,-0.18163739754845029,0.023173215116546676,-0.26322568505075244,-0.16895414511224116,0.050203319369957193,-0.15578002955211298,-0.054303348487927866,0.061893697799034558,-0.22491848579936788,-0.2351433697076965,-0.019660784597375192,-0.20497047856937214,-0.1752162181789029,0.10938724814405923,-0.22343503706911017,-0.14789547942885872,0.057396807632930043,-0.16351166522265206,-0.12017877545119372,0.087725349334652938,-0.15751738446887689,-0.054705083781542062,0.048237553452303725,-0.23513808626099419,-0.057748269324047946,0.08842217768643805,-0.1746077486403915,-0.21518516878643276,0.081500628170327563,-0.1934172517319363,-0.12232301502560554,0.071200693197892365,-0.073224270095209723,-0.19006285888193625,0.033112032510338327,-0.082561557556916645,0.054926904603807065,0.091624959630464187,-0.11359708069402601,-0.108360048667759,0.041468040171273784,-0.18410322785932884,-0.14092496415372291,0.12291142187225297,-0.22396307905041107,-0.1521655198304542,0.19166656104570776,-0.13033796286087693,-0.031129786548831948,0.046058839795815765,-0.099068676381547038,0.02973120661844789,0.093235491943759838,-0.013943782055209648,-0.048397588441361584,0.18043044643493275,-0.16232956091662998,-0.055837928221269581,0.16741730954414857,-0.098819656569302278,-0.040530345394220096,0.25326956443802806,-0.095303019910797232,-0.092907203930028673,0.23342283572413014,-0.00062526186726034622,0.030662223257871393,0.28360093292427552,0.12422647514756711,0.037679342073773499,0.21041893310579693,-0.0068902502680198412,0.0033676723693385167,0.17686727375038666,0.02634238982163991,0.075086694979772675,0.14667675460362609,0.052995305539628189,0.074656294370490608,0.27672954216396839,0.059999565150149342,0.022917918991077396,0.23734694691854857,0.073297646283109821,0.19389029653144207,0.24391905543662279,0.13528709167088629,0.14262497714289796,0.065366048242860575,0.080414537495819602,0.0093812269698749801,0.15097856796023781,0.17208472663652055,0.12943854241600444,0.15340495597940509,0.1216898867986366,0.11593029661493488,0.15762878551095896,0.14338350654720922,0.087116341344387643,0.10646312588557481,0.27459548640429216,0.10663179276635663,0.035370900476824806,0.24174107928958757,0.1520565460457679,-0.026218937475105258,0.22599659311618997,0.16020155030009009,0.13202146678092075,0.2001151389535524,0.22572114104775659,0.13087418098672074,0.25598789420636248,0.28994092131422167,0.091980782181050186,0.26340967436987922,0.14674493627965698,0.083216604622070242,0.2035230056447436,0.1660431357529488,0.15416807620781503,0.15601463726615195,0.18797272980464305,0.070515491326888363,0.2851677928399039,0.11920206922947103,0.15581385273103637,0.22767122871812664,0.22353796099162246,0.11305501081773511,0.26164784095055177,0.34733267937269302,0.083975266942424714,0.47448128953323931,0.11532809811237638,0.26026879546830822,0.29623407075194919,0.25191361946123336,0.15358112706563226,0.29719575081539068,0.18802605812723294,0.092901160593187621
0.24827922519228035,0.013089221875467703,0.00045036442824244235,-0.054153410505470775,-0.13301041649945153,-0.13664266178250703,0.30326725621267137,-0.18382573560228271,-0.023670608428525575,0.18859994014171111,-0.05209360471520922,0.21038104901931753,-0.075443806211757489,-0.07380438354112942,0.12407202185140942,0.018075708911099931,-0.012623615794609959,-0.07544565591429965,0.14445407525567613,-0.20627930013247578,-0.05888962100929495,0.1909821886745518,-0.25676289996033896,0.15159651497322046,0.15633698215027186,0.077827560452375003,0.10143989339647028,0.068896519035775039,-0.13537963562044444,0.031947840059776911,0.13063731248999752,0.069670663991806242,0.026704711662802461,-0.029888419854181905,0.16498671883428662,0.07728974646458224,-0.0024865053378883076,0.069631600576934655,-0.0094030203076179361,-0.07331217374057869,0.040136119675186981,0.037117069470725766,0.14914179675031244,0.059094159471675775,-0.021898353129695475,0.12310155934940942,0.010061777292517164,-0.15906313907355804,0.0015705346456108792,-0.036258472621782112,0.12982324973971995,0.067222611891872883,-0.040091203109666324,0.065629891174099481,0.15820562820627782,-0.14376277479492294,-0.011674954547578503,-0.13765915108943222,-0.09797801585547275,-0.072385743249019294,-0.08895150073677352,0.06670429109119641,0.070224301137997922,-0.1619031325940776,-0.065380835653234104,-0.0049548312574680198,0.10576483997523234,0.050327809546117236,0.19074641930455158,-0.063624106763391239,-0.0095982843005757486,0.017813068161597966,0.055053342749386912,0.13019750898627638,-0.11227735119545315,0.043998113911880056,-0.12812933634189361,0.14840740650569051,-0.024925462322522234,0.073272003132477809,0.042793401574336309,-0.0042003486833645399,-0.14645269001130112,0.053834076115744506,-0.024049896479542594,-0.087591745197381818,0.05215682727734286,-0.014668957194922097,0.0084078768136092996,0.14870736283369759,-0.085023457625914484,0.033606189158780296,0.23257662979091431,-0.11326936663736881,-0.17168159500811597,-0.015280096009128954,0.07903402439305196,-0.0038474530817557608,0.10478734751667898,0.014375978693475623,-0.164200430336993,-0.033823364741540476,0.05082717559540665,-0.24667657374061289,0.18223050742366789,-0.13860666104296032,-0.06160263278204843,0.10431750212090106,-0.060951318860322741,-0.10811400717627798,0.24207397777201881,-0.084984650103286416,-0.04251729013511512,0.24019583692689969,-0.18539216309062084,-0.2876686216377034,0.13518472428542114,0.027676357308599204,-0.23785923135337156,-0.025379584266357984,-0.055747360421168964,-0.16012461136181524,0.060574396222743611,0.14932540132595368,-0.19280916413390539,-0.05703613522788651,0.085689503287156882,-0.079672651230314501,-0.061870452228166541,0.070118389529542344,0.013873436800825974,-0.038275087434689728,0.036295939287994718,-0.14534238923043391,0.17794599793732202,0.18598857655671699,-0.083991806386421841,-0.0051051181980300044,0.034056400994987197,-0.12059161461349227,0.060204209148316423,-0.10246800048681112,-0.014810925797232005,-0.026925360074910511,-0.03797983861958866,0.030486093031517444,0.21276266118646067,0.1960792018377874,-0.15193758824950018,-0.053412267911225213,0.19750079095501474,0.12150778251897312,-0.061779319427928067,-0.073881102698682699,0.12571360281735888,-0.099340105404115531,0.25117312244258,0.1209289395877977,0.18569020261541391,0.22746336830465819,0.081155688465078465,-0.13564301055578573,0.10751356731870979,-0.022864262753939789,-0.21249137024051026,0.0049356195865084612,0.032943366810774935,0.13615356331896897,0.14045018046400304,-0.038414647439919326,0.14752193543814804,0.18173943330099662,0.025216929421407637,0.043102862984094034,0.11433785142145197,-0.041729624882502279,0.099864303306812369,0.23136328956830954,-0.084775857382023895,0.03314362199049762,0.027784162303589325,-0.11144265310219703,-0.095913093961398452
-0.16514995576499955,0.043165764491433625,-0.2430420010299128,-0.2131629438979587,-0.035658519447259958,0.062930402622244475,-0.11952752777657245,0.16947878934328717,-0.15039537108459414,0.035976143762536029,0.11810697728129824,0.089103278515126769,-0.095741083282265896,0.33021780793039879,-0.13323674678824488,-0.053650259426742966,0.28083506164586008,-0.068675559441184128,-0.0087542615990613797,0.17936845279469871,-0.17705023234519554,-0.020701190751322776,0.076429244263753665,0.034909022676226788,-0.08662996458754714,0.28282893343531235,-0.0013080568566310666,-0.20967671776041469,0.015582059090965307,0.027804135236351748,-0.11842567108788915,-0.040459593521102129,0.15708809784110511,0.035370675898286796,0.26122239037214545,-0.008389781139893103,0.01224824184042706,-0.14791072860164939,-0.19875554867877804,0.010130970645745502,0.13971482044586797,-0.19936530693598908,0.035717058883011611,0.38291924624061119,-0.063704512261164081,-0.14734909245679975,0.043340684073494312,-0.022622999786915562,0.074536033419519851,-0.062412396154218321,-0.037779398744046705,0.028060115582824615,0.14606758116834503,-0.10077033541601971,0.18235819014497281,-0.051918476633334612,0.017204714559393951,-0.20714979534844741,0.02440003906895918,0.081327642678269266,-0.02952549590506021,0.19744539647895976,-0.09929138951056013,-0.031091990441122666,-0.05863782005495688,0.085245405873658392,-0.04279781815469709,-0.047407186940508855,0.051866899541946815,-0.067062195679695638,0.16450669717339306,0.11530407683334988,0.0021546919792963162,-0.071477934814488941,0.21351656864394927,-0.14795129703545437,-0.090243632105835914,0.13555957771885019,-0.056067873986989321,-0.031423727301250218,0.049040431136978022,-0.18943825364952016,0.087094743490561788,-0.076204067378865287,0.0041032141695540505,-0.10116441714997794,-0.036395265105138734,-0.13080807926954849,-0.053585825774295062,-0.075952868074962362,0.037147734071373242,0.12106114300122663,-0.00065373231348926815,-0.085013454956643086,0.11189786939830844,-0.028372256018216319,0.21871884936612518,0.16569093552073239,0.093826849426929704,-0.24747559102391126,0.14426619823784936,-0.060121904418128917,0.11050630898816863,-0.064129064076622305,-0.12735488157512095,0.0066866295824404062,0.31170304581294545,-0.17498877822333975,-0.020197409347079011,0.039614650402508209,-0.19662346159119942,-0.14440891422964131,0.25577410016582836,-0.084478107780266959,0.076036301097222772,0.018467488264219307,0.014688372892985028,0.094787966003443927,0.040857845602079994,-0.21766937511982976,0.085650624507364201,0.17961617368817226,-0.21798313673814568,0.00080165121629138044,0.096786831394464271,-0.15959021952546673,-0.035532639996443294,0.11813166991963386,-0.25788341053985592,0.068429127227161685,0.23301095913790662,-0.1075117081926973,-0.074511056128534314,0.20638369332222994,-0.13881325268572955,-0.0088596242708581744,0.071053933992105772,0.0036624299105172467,0.015738305111538214,0.29309236071238687,-0.18115939257807934,-0.22030189392425506,0.10106795608456724,-0.27945489612767171,0.15977240413846644,0.28517380699416356,0.035591100051851572,-0.0048292393065014162,0.028323469297728894,-0.1808461786519486,0.070971347365549595,0.11070773543173683,0.012942632839370652,0.08581619017452044,0.18076131709810864,0.045098932207286613,0.14924693488740301,0.092091978982947117,-0.19044637228705749,0.017733111735542945,0.2584607161267819,-0.13426012945634205,-0.16519081557893406,-0.094790888756536532,-0.18473841728584239,-0.19821198457839537,-0.17324304625959919,-0.11255900349783125,-0.20316647004511118,-0.011441090769338894,0.068857357651443032,-0.24801367745198441,-0.15013269635851303,-0.10569785294490149,-0.066501885519102591,-0.039455743617809208,0.0058809492735699869,-0.10066840095370105,-0.015453109878063332,-0.12282718069362862,-0.21949907541141703,-0.20844584502829541,-0.089051574607173015
-0.046636936872865097,-0.11126640172937377,-0.0015061912172544712,-0.085451798802420015,0.056616241572508233,-0.15036063150914261,-0.13629793621615396,-0.005445901527923994,-0.02104774633863548,-0.14966092758661045,0.013155448035134807,-0.12474003259292479,-0.1562790102079698,0.15666282740044926,-0.038614331409707263,-0.17468832002170342,0.0086963149970671824,-0.060944804856534286,-0.28854868135395917,-0.016922675756507063,0.0230989743304571,-0.17359432980463788,0.079446680047677909,-0.18996206547068739,-0.1449242202675069,-0.07621379091293308,-0.11627025019941829,-0.1401831076008998,0.09877958132795768,-0.22382221806627833,-0.061357766575296534,0.15335446944836403,-0.11983934803431712,-0.021293572957526853,0.2105652854835845,0.1504280180271651,-0.11166121390031306,0.13120830673410952,0.11026038301123607,-0.13524033052065551,0.012870565817909107,-0.11028181492043185,-0.051263864431372007,-0.0044501337608215119,0.0017518283260553288,-0.0345307548934293,0.063963122716882065,0.069977151011896596,-0.053554119957457347,-0.050231499888886137,-0.096116142171307262,0.12361035680518084,0.096660390053132789,-0.13329134783991869,-0.10580316329372426,0.20440099021536609,0.062387461712739629,0.048417098399474043,0.095863624677404516,-0.052380683710700544,-0.052499523462349144,0.14029124163041143,0.025779238471772423,0.014608522733237088,0.15620785759859429,-0.19160811346029424,-0.16082802787218589,0.11619994865090422,-0.1518631784877966,-0.097688996617045887,0.025199688994207811,-0.10689335356632686,-0.21331347138462103,0.24696089760677603,-0.18014104700699546,-0.026240110233055905,0.0079479929309920205,-0.18769569196257649,-0.16203515263608029,0.16548610398502636,-0.1194724145228946,-0.29961312704106524,-0.074911078106293313,-0.056756710141688267,-0.034278453407242296,0.16777325859413095,-0.011976814146932184,-0.17831301797989382,0.0090185814317107586,-0.033725642565767822,0.054451991072351782,0.059255920273717066,-0.00015538869166622366,-0.14133899808797823,-0.023756720707982269,0.016018950692339832,-0.064460467351369705,0.04759945676572068,-0.062970623714364599,-0.049536402237895731,0.097543623863082504,0.14968502668630021,-0.25292609493019641,0.086755028327715755,-0.040523600839465879,-0.096839589994414679,0.0054532981322725329,0.10193566392043925,-0.035881374949626413,0.21741261697582276,0.036124629634091951,-0.060003344902479668,0.16132107280265304,-0.054452513492359141,-0.10639433956995024,0.15060182862965871,-0.21975974324465317,-0.024655643634913144,-0.04555413306062734,0.02600674838286977,-0.06972692512138115,0.074068249584052365,-0.052964146197896418,-0.074386191021140205,-0.0011523106424568802,-0.080375952165939096,-0.087431377963348905,0.073550619609223378,0.076412667641333684,-0.12252487024934053,0.28814703887123755,-0.16553568713759409,-0.043161682691183742,0.010953607031645763,-0.092035569068071268,0.013227147076754738,0.18472044240788679,0.1029559185218175,-0.13969193894260129,0.2022531694203942,0.032397542650933253,0.042242080312131142,0.12105129608386285,0.07397290841336672,-0.20588358294238238,0.051298636991646336,0.12275765161686468,-0.053789040156165063,0.037485026345768793,-0.030022015759840481,-0.18076257970332055,0.17059740429705403,0.22260582959303313,-0.05050170911338045,0.11822866318756443,-0.016740290698718453,-0.079487466423828715,0.045048893826568487,-0.015013702574682077,-0.061080911164456436,-0.0066515682048629877,-0.036069604108594777,-0.057426579254845414,0.12657300189309048,0.061382383486928593,-0.13977467039732111,0.14947053029530352,0.14535619165709537,0.0016599713485074673,0.060914011132006791,0.02094869163113814,-0.047350979035497232,0.0056328877494530357,-0.070694884496951022,0.024217767353305164,0.042315146069107169,-0.14329001909123151,-0.091550376903329456,-0.059805589302199605,-0.028315696377184216,-0.095944576181981975,0.055829275929316129,-0.19972263707629911
0.052667112373717219,-0.070705034117407278,0.067404477422010611,-0.012761915606306915,-0.0034100198962294798,0.12599633935678009,0.13086719767419869,-0.0022339409280175233,0.05095298477071239,0.31042273545404914,-0.20223799043041005,-0.027943466273828453,0.25542852782984038,0.08471686471677424,0.1189980589202097,0.28770346326506624,0.084891526162849257,-0.0014632777884450001,0.062370229630489174,-0.044910080003914027,-0.032288076362214778,0.16816506415185392,-0.16438125932760886,-0.0020406186766297129,0.040835472418481983,0.0036692002642727877,0.029880246598530447,0.022247711946993765,-0.13239415112586372,-0.097557778702163242,0.073581605537513695,0.0015425314679609328,0.061834528979338728,0.092237030087399322,0.026188724569392495,0.01814766171712083,0.033144787543678479,0.068774937100497799,0.073830104094450205,0.1098755674847722,-0.21153339147193881,0.020091097560410588,0.015721310662364828,-0.090845838778969012,-0.00030771500091549258,0.1746345262724214,0.12882222876171501,0.19935965593445645,0.055970506058037529,-0.07092059717893251,-0.028808090835364428,0.16765675397368215,-0.10570949169549988,-0.065968454037962962,0.10051973032752734,-0.025644826286744631,0.034702930390939392,0.037962635648897333,-0.074197959817788969,-0.0067130908771759461,0.085239960135546924,-0.084412519255397431,-0.020228420679520787,0.15472337894076424,0.16325523018062721,-0.15164206779597733,0.0377310078072342,-0.1113832730809273,-0.011618393490405183,0.044098282701233282,-0.17772708062424483,-0.001664618397181088,0.12151748593982289,-0.14377277811817804,0.092796036207356505,0.19497507060197722,0.012047543865904125,-0.015685516105194013,0.0074606180814271866,0.10286896586072704,-0.035289788632175599,0.18894743498083869,-0.084384307601408845,0.067770326879813339,-0.033114888864732073,0.22966704214857492,-0.052889030878554337,-0.077395091005998159,0.0053916046948326727,0.086869047169615576,0.11869221056573047,0.089432408071582828,0.0016546581965018597,0.12646381622370484,-0.16511039593082924,0.17288388373798766,0.15637467982033063,0.01205879305007071,-0.10709812485507986,0.026062839862886138,0.10398747971896342,-0.051231644805982177,0.031559687114978995,-0.058134244886070684,-0.018204630911420237,-0.084464914817441686,-0.1123863461367961,-0.11400002742711121,0.099590737384442352,-0.046444313184672521,-0.042837887678880353,0.016992852113982472,-0.049510877868455906,0.13822886839410731,-0.028302128841850474,-0.047910102518587031,0.001392779597307164,0.053419563653958807,0.016084441050824794,0.050753075631877052,0.13635860444347037,-0.11536768206852514,0.10402809472689241,0.08489713354580912,-0.052089051705533101,0.059544214761246002,0.038354856649320888,0.060109206906219487,0.17362579799050185,0.074391855600308046,0.049365217668803391,-0.0080047055102358267,0.0077195480494346314,-0.073516278617946018,0.049459444358793785,0.074241278346324879,0.059557150054509393,0.14087372909227866,-0.062588768191055896,0.15168518069496056,0.18575420564012135,-0.16111294876504187,0.054968692076439285,0.14565317367879671,0.00693695622508754,0.0063624133827165242,0.15955272730832287,0.041803392292663624,-0.10143135804395599,0.21744928221749368,-0.055739212812563797,0.005889212427295276,0.16872076581650727,0.10972859710873815,0.0001451263182054522,-0.0033089096688883411,-0.05407183406455484,-0.016489266182768202,0.21635542361447413,0.045161435174914596,-0.11479783328386296,0.026268810599998988,0.12342153692109634,-0.1372077432909187,0.13736310354275519,0.053785020252037553,-0.020438300569567244,0.37319182480075364,0.052007743886700347,0.062770610730094337,0.17742264882302169,-0.015625800978463104,-0.12639827052939942,0.040118298433986503,-0.024883725231982116,-0.044111542154423602,0.09576644757347641,0.082563503872601307,-0.015176503833850755,0.17695326882863965,-0.070218653622503471,-0.088576044548092051,0.10348347475825066
